Temperature,Defect_Rate,Error_Bar
130.7,43.374910594451286,0.25
105.5,41.07350713331127,0.25
150.5,41.02756888499555,0.25
188.4,37.555328990684586,0.25
144.0,42.36243030645612,0.25
187.2,37.05525456924861,0.25
138.0,42.92169104554505,0.25
114.5,42.60472297512444,0.25
